non_persistent_voters,size
0,162
1,212
2,262
3,312
4,362
5,412
6,462
7,512
8,563
9,613
10,663
11,713
12,763
13,813
14,863
15,913
16,964
17,1014
18,1064
19,1114
20,1164
21,1214
22,1264
23,1314
24,1366
25,1416
26,1466
27,1516
28,1566
29,1616
30,1666
31,1716
32,1767
33,1817
34,1867
35,1917
36,1967
37,2017
38,2067
39,2117
40,2168
41,2218
42,2268
43,2318
44,2368
45,2418
46,2468
47,2518
48,2569
49,2619
50,2669
51,2719
52,2769
53,2819
54,2869
55,2919
56,2970
57,3020
58,3070
59,3120
60,3170
61,3220
62,3270
63,3320
64,3371
65,3421
66,3471
67,3521
68,3571
69,3621
70,3671
71,3721
72,3772
73,3822
74,3872
75,3922
76,3972
77,4022
78,4072
79,4122
80,4173
81,4223
82,4273
83,4323
84,4373
85,4423
86,4473
87,4523
88,4574
89,4624
90,4674
91,4724
92,4774
93,4824
94,4874
95,4924
96,4975
97,5025
98,5075
99,5125
100,5175
101,5225
102,5275
103,5325
104,5376
105,5426
106,5476
107,5526
108,5576
109,5626
110,5676
111,5726
112,5777
113,5827
114,5877
115,5927
116,5977
117,6027
118,6077
119,6127
120,6178
121,6228
122,6278
123,6328
124,6378
125,6428
126,6478
127,6528
128,6579
129,6629
130,6679
131,6729
132,6779
133,6829
134,6879
135,6929
136,6980
137,7030
138,7080
139,7130
140,7180
141,7230
142,7280
143,7330
144,7381
145,7431
146,7481
147,7531
148,7581
149,7631
150,7681
151,7731
152,7782
153,7832
154,7882
155,7932
156,7982
157,8032
158,8082
159,8132
160,8183
161,8233
162,8283
163,8333
164,8383
165,8433
166,8483
167,8533
168,8584
169,8634
170,8684
171,8734
172,8784
173,8834
174,8884
175,8934
176,8985
177,9035
178,9085
179,9135
180,9185
181,9235
182,9285
183,9335
184,9387
185,9437
186,9487
187,9537
188,9587
189,9637
190,9687
191,9737
192,9788
193,9838
194,9888
195,9938
196,9988
197,10038
198,10088
199,10138
200,10189
201,10239
202,10289
203,10339
204,10389
205,10439
206,10489
207,10539
208,10590
209,10640
210,10690
211,10740
212,10790
213,10840
214,10890
215,10940
216,10991
217,11041
218,11091
219,11141
220,11191
221,11241
222,11291
223,11341
224,11392
225,11442
226,11492
227,11542
228,11592
229,11642
230,11692
231,11742
232,11793
233,11843
234,11893
235,11943
236,11993
237,12043
238,12093
239,12143
240,12194
241,12244
242,12294
243,12344
244,12394
245,12444
246,12494
247,12544
248,12595
249,12645
250,12695
251,12745
252,12795
253,12845
254,12895
255,12945
256,12997
257,13047
258,13097
259,13147
260,13197
261,13247
262,13297
263,13347
264,13398
265,13448
266,13498
267,13548
268,13598
269,13648
270,13698
271,13748
272,13799
273,13849
274,13899
275,13949
276,13999
277,14049
278,14099
279,14149
280,14200
281,14250
282,14300
283,14350
284,14400
285,14450
286,14500
287,14550
288,14601
289,14651
290,14701
291,14751
292,14801
293,14851
294,14901
295,14951
296,15002
297,15052
298,15102
299,15152
300,15202
301,15252
302,15302
303,15352
304,15403
305,15453
306,15503
307,15553
308,15603
309,15653
310,15703
311,15753
312,15804
313,15854
314,15904
315,15954
316,16004
317,16054
318,16104
319,16154
320,16205
321,16255
322,16305
323,16355
324,16405
325,16455
326,16505
327,16555
328,16606
329,16656
330,16706
331,16756
332,16806
333,16856
334,16906
335,16956
336,17007
337,17057
338,17107
339,17157
340,17207
341,17257
342,17307
343,17357
344,17408
345,17458
346,17508
347,17558
348,17608
349,17658
350,17708
351,17758
352,17809
353,17859
354,17909
355,17959
356,18009
357,18059
358,18109
359,18159
360,18210
361,18260
362,18310
363,18360
364,18410
365,18460
366,18510
367,18560
368,18611
369,18661
370,18711
371,18761
372,18811
373,18861
374,18911
375,18961
376,19012
377,19062
378,19112
379,19162
380,19212
381,19262
382,19312
383,19362
384,19413
385,19463
386,19513
387,19563
388,19613
389,19663
390,19713
391,19763
392,19814
393,19864
394,19914
395,19964
396,20014
397,20064
398,20114
399,20164
400,20215
401,20265
402,20315
403,20365
404,20415
405,20465
406,20515
407,20565
408,20616
409,20666
410,20716
411,20766
412,20816
413,20866
414,20916
415,20966
416,21017
417,21067
418,21117
419,21167
420,21217
421,21267
422,21317
423,21367
424,21418
425,21468
426,21518
427,21568
428,21618
429,21668
430,21718
431,21768
432,21819
433,21869
434,21919
435,21969
436,22019
437,22069
438,22119
439,22169
440,22220
441,22270
442,22320
443,22370
444,22420
445,22470
446,22520
447,22570
448,22621
449,22671
450,22721
451,22771
452,22821
453,22871
454,22921
455,22971
456,23022
457,23072
458,23122
459,23172
460,23222
461,23272
462,23322
463,23372
464,23423
465,23473
466,23523
467,23573
468,23623
469,23673
470,23723
471,23773
472,23824
473,23874
474,23924
475,23974
476,24024
477,24074
478,24124
479,24174
480,24225
481,24275
482,24325
483,24375
484,24425
485,24475
486,24525
487,24575
488,24626
489,24676
490,24726
491,24776
492,24826
493,24876
494,24926
495,24976
496,25027
497,25077
498,25127
499,25177
500,25227
501,25277
502,25327
503,25377
504,25428
505,25478
506,25528
507,25578
508,25628
509,25678
510,25728
511,25778
512,25829
513,25879
514,25929
515,25979
516,26029
517,26079
518,26129
519,26179
520,26230
521,26280
522,26330
523,26380
524,26430
525,26480
526,26530
527,26580
528,26631
529,26681
530,26731
531,26781
532,26831
533,26881
534,26931
535,26981
536,27032
537,27082
538,27132
539,27182
540,27232
541,27282
542,27332
543,27382
544,27433
545,27483
546,27533
547,27583
548,27633
549,27683
550,27733
551,27783
552,27834
553,27884
554,27934
555,27984
556,28034
557,28084
558,28134
559,28184
560,28235
561,28285
562,28335
563,28385
564,28435
565,28485
566,28535
567,28585
568,28636
569,28686
570,28736
571,28786
572,28836
573,28886
574,28936
575,28986
576,29037
577,29087
578,29137
579,29187
580,29237
581,29287
582,29337
583,29387
584,29438
585,29488
586,29538
587,29588
588,29638
589,29688
590,29738
591,29788
592,29839
593,29889
594,29939
595,29989
596,30039
597,30089
598,30139
599,30189
600,30240
601,30290
602,30340
603,30390
604,30440
605,30490
606,30540
607,30590
608,30641
609,30691
610,30741
611,30791
612,30841
613,30891
614,30941
615,30991
616,31042
617,31092
618,31142
619,31192
620,31242
621,31292
622,31342
623,31392
624,31443
625,31493
626,31543
627,31593
628,31643
629,31693
630,31743
631,31793
632,31844
633,31894
634,31944
635,31994
636,32044
637,32094
638,32144
639,32194
640,32245
641,32295
642,32345
643,32395
644,32445
645,32495
646,32545
647,32595
648,32646
649,32696
650,32746
651,32796
652,32846
653,32896
654,32946
655,32996
656,33047
657,33097
658,33147
659,33197
660,33247
661,33297
662,33347
663,33397
664,33448
665,33498
666,33548
667,33598
668,33648
669,33698
670,33748
671,33798
672,33849
673,33899
674,33949
675,33999
676,34049
677,34099
678,34149
679,34199
680,34250
681,34300
682,34350
683,34400
684,34450
685,34500
686,34550
687,34600
688,34651
689,34701
690,34751
691,34801
692,34851
693,34901
694,34951
695,35001
696,35052
697,35102
698,35152
699,35202
700,35252
701,35302
702,35352
703,35402
704,35453
705,35503
706,35553
707,35603
708,35653
709,35703
710,35753
711,35803
712,35854
713,35904
714,35954
715,36004
716,36054
717,36104
718,36154
719,36204
720,36255
721,36305
722,36355
723,36405
724,36455
725,36505
726,36555
727,36605
728,36656
729,36706
730,36756
731,36806
732,36856
733,36906
734,36956
735,37006
736,37057
737,37107
738,37157
739,37207
740,37257
741,37307
742,37357
743,37407
744,37458
745,37508
746,37558
747,37608
748,37658
749,37708
750,37758
751,37808
752,37859
753,37909
754,37959
755,38009
756,38059
757,38109
758,38159
759,38209
760,38260
761,38310
762,38360
763,38410
764,38460
765,38510
766,38560
767,38610
768,38661
769,38711
770,38761
771,38811
772,38861
773,38911
774,38961
775,39011
776,39062
777,39112
778,39162
779,39212
780,39262
781,39312
782,39362
783,39412
784,39463
785,39513
786,39563
787,39613
788,39663
789,39713
790,39763
791,39813
792,39864
793,39914
794,39964
795,40014
796,40064
797,40114
798,40164
799,40214
800,40265
801,40315
802,40365
803,40415
804,40465
805,40515
806,40565
807,40615
808,40666
809,40716
810,40766
811,40816
812,40866
813,40916
814,40966
815,41016
816,41067
817,41117
818,41167
819,41217
820,41267
821,41317
822,41367
823,41417
824,41468
825,41518
826,41568
827,41618
828,41668
829,41718
830,41768
831,41818
832,41869
833,41919
834,41969
835,42019
836,42069
837,42119
838,42169
839,42219
840,42270
841,42320
842,42370
843,42420
844,42470
845,42520
846,42570
847,42620
848,42671
849,42721
850,42771
851,42821
852,42871
853,42921
854,42971
855,43021
856,43072
857,43122
858,43172
859,43222
860,43272
861,43322
862,43372
863,43422
864,43473
865,43523
866,43573
867,43623
868,43673
869,43723
870,43773
871,43823
872,43874
873,43924
874,43974
875,44024
876,44074
877,44124
878,44174
879,44224
880,44275
881,44325
882,44375
883,44425
884,44475
885,44525
886,44575
887,44625
888,44676
889,44726
890,44776
891,44826
892,44876
893,44926
894,44976
895,45026
896,45077
897,45127
898,45177
899,45227
900,45277
901,45327
902,45377
903,45427
904,45478
905,45528
906,45578
907,45628
908,45678
909,45728
910,45778
911,45828
912,45879
913,45929
914,45979
915,46029
916,46079
917,46129
918,46179
919,46229
920,46280
921,46330
922,46380
923,46430
924,46480
925,46530
926,46580
927,46630
928,46681
929,46731
930,46781
931,46831
932,46881
933,46931
934,46981
935,47031
936,47082
937,47132
938,47182
939,47232
940,47282
941,47332
942,47382
943,47432
944,47483
945,47533
946,47583
947,47633
948,47683
949,47733
950,47783
951,47833
952,47884
953,47934
954,47984
955,48034
956,48084
957,48134
958,48184
959,48234
960,48285
961,48335
962,48385
963,48435
964,48485
965,48535
966,48585
967,48635
968,48686
969,48736
970,48786
971,48836
972,48886
973,48936
974,48986
975,49036
976,49087
977,49137
978,49187
979,49237
980,49287
981,49337
982,49387
983,49437
984,49488
985,49538
986,49588
987,49638
988,49688
989,49738
990,49788
991,49838
992,49889
993,49939
994,49989
995,50039
996,50089
997,50139
998,50189
999,50239
1000,50290
1001,50340
1002,50390
1003,50440
1004,50490
1005,50540
1006,50590
1007,50640
1008,50691
1009,50741
1010,50791
1011,50841
1012,50891
1013,50941
1014,50991
1015,51041
1016,51092
1017,51142
1018,51192
1019,51242
1020,51292
1021,51342
1022,51392
1023,51442
1024,51493
1025,51543
1026,51593
1027,51643
1028,51693
1029,51743
1030,51793
1031,51843
1032,51894
1033,51944
1034,51994
1035,52044
1036,52094
1037,52144
1038,52194
1039,52244
1040,52295
1041,52345
1042,52395
1043,52445
1044,52495
1045,52545
1046,52595
1047,52645
1048,52696
1049,52746
1050,52796
1051,52846
1052,52896
1053,52946
1054,52996
1055,53046
1056,53097
1057,53147
1058,53197
1059,53247
1060,53297
1061,53347
1062,53397
1063,53447
1064,53498
1065,53548
1066,53598
1067,53648
1068,53698
1069,53748
1070,53798
1071,53848
1072,53899
1073,53949
1074,53999
1075,54049
1076,54099
1077,54149
1078,54199
1079,54249
1080,54300
1081,54350
1082,54400
1083,54450
1084,54500
1085,54550
1086,54600
1087,54650
1088,54701
1089,54751
1090,54801
1091,54851
1092,54901
1093,54951
1094,55001
1095,55051
1096,55102
1097,55152
1098,55202
1099,55252
1100,55302
1101,55352
1102,55402
1103,55452
1104,55503
1105,55553
1106,55603
1107,55653
1108,55703
1109,55753
1110,55803
1111,55853
1112,55904
1113,55954
1114,56004
1115,56054
1116,56104
1117,56154
1118,56204
1119,56254
1120,56305
1121,56355
1122,56405
1123,56455
1124,56505
1125,56555
1126,56605
1127,56655
1128,56706
1129,56756
1130,56806
1131,56856
1132,56906
1133,56956
1134,57006
1135,57056
1136,57107
1137,57157
1138,57207
1139,57257
1140,57307
1141,57357
1142,57407
1143,57457
1144,57508
1145,57558
1146,57608
1147,57658
1148,57708
1149,57758
1150,57808
1151,57858
1152,57909
1153,57959
1154,58009
1155,58059
1156,58109
1157,58159
1158,58209
1159,58259
1160,58310
1161,58360
1162,58410
1163,58460
1164,58510
1165,58560
1166,58610
1167,58660
1168,58711
1169,58761
1170,58811
1171,58861
1172,58911
1173,58961
1174,59011
1175,59061
1176,59112
1177,59162
1178,59212
1179,59262
1180,59312
1181,59362
1182,59412
1183,59462
1184,59513
1185,59563
1186,59613
1187,59663
1188,59713
1189,59763
1190,59813
1191,59863
1192,59914
1193,59964
1194,60014
1195,60064
1196,60114
1197,60164
1198,60214
1199,60264
1200,60315
1201,60365
1202,60415
1203,60465
1204,60515
1205,60565
1206,60615
1207,60665
1208,60716
1209,60766
1210,60816
1211,60866
1212,60916
1213,60966
1214,61016
1215,61066
1216,61117
1217,61167
1218,61217
1219,61267
1220,61317
1221,61367
1222,61417
1223,61467
1224,61518
1225,61568
1226,61618
1227,61668
1228,61718
1229,61768
1230,61818
1231,61868
1232,61919
1233,61969
1234,62019
1235,62069
1236,62119
1237,62169
1238,62219
1239,62269
1240,62320
1241,62370
1242,62420
1243,62470
1244,62520
1245,62570
1246,62620
1247,62670
1248,62721
1249,62771
1250,62821
1251,62871
1252,62921
1253,62971
1254,63021
1255,63071
1256,63122
1257,63172
1258,63222
1259,63272
1260,63322
1261,63372
1262,63422
1263,63472
1264,63523
1265,63573
1266,63623
1267,63673
1268,63723
1269,63773
1270,63823
1271,63873
1272,63924
1273,63974
1274,64024
1275,64074
1276,64124
1277,64174
1278,64224
1279,64274
1280,64325
1281,64375
1282,64425
1283,64475
1284,64525
1285,64575
1286,64625
1287,64675
1288,64726
1289,64776
1290,64826
1291,64876
1292,64926
1293,64976
1294,65026
1295,65076
1296,65127
1297,65177
1298,65227
1299,65277
1300,65327
1301,65377
1302,65427
1303,65477
1304,65528
1305,65578
1306,65628
1307,65678
1308,65728
1309,65778
1310,65828
1311,65878
1312,65929
1313,65979
1314,66029
1315,66079
1316,66129
1317,66179
1318,66229
1319,66279
1320,66330
1321,66380
1322,66430
1323,66480
1324,66530
1325,66580
1326,66630
1327,66680
1328,66731
1329,66781
1330,66831
1331,66881
1332,66931
1333,66981
1334,67031
1335,67081
1336,67132
1337,67182
1338,67232
1339,67282
1340,67332
1341,67382
1342,67432
1343,67482
1344,67533
1345,67583
1346,67633
1347,67683
1348,67733
1349,67783
1350,67833
1351,67883
1352,67934
1353,67984
1354,68034
1355,68084
1356,68134
1357,68184
1358,68234
1359,68284
1360,68335
1361,68385
1362,68435
1363,68485
1364,68535
1365,68585
1366,68635
1367,68685
1368,68736
1369,68786
1370,68836
1371,68886
1372,68936
1373,68986
1374,69036
1375,69086
1376,69137
1377,69187
1378,69237
1379,69287
1380,69337
1381,69387
1382,69437
1383,69487
1384,69538
1385,69588
1386,69638
1387,69688
1388,69738
1389,69788
1390,69838
1391,69888
1392,69939
1393,69989
1394,70039
1395,70089
1396,70139
1397,70189
1398,70239
1399,70289
1400,70340
1401,70390
1402,70440
1403,70490
1404,70540
1405,70590
1406,70640
1407,70690
1408,70741
1409,70791
1410,70841
1411,70891
1412,70941
1413,70991
1414,71041
1415,71091
1416,71142
1417,71192
1418,71242
1419,71292
1420,71342
1421,71392
1422,71442
1423,71492
1424,71543
1425,71593
1426,71643
1427,71693
1428,71743
1429,71793
1430,71843
1431,71893
1432,71944
1433,71994
1434,72044
1435,72094
1436,72144
1437,72194
1438,72244
1439,72294
1440,72345
1441,72395
1442,72445
1443,72495
1444,72545
1445,72595
1446,72645
1447,72695
1448,72746
1449,72796
1450,72846
1451,72896
1452,72946
1453,72996
1454,73046
1455,73096
1456,73147
1457,73197
1458,73247
1459,73297
1460,73347
1461,73397
1462,73447
1463,73497
1464,73548
1465,73598
1466,73648
1467,73698
1468,73748
1469,73798
1470,73848
1471,73898
1472,73949
1473,73999
1474,74049
1475,74099
1476,74149
1477,74199
1478,74249
1479,74299
1480,74350
1481,74400
1482,74450
1483,74500
1484,74550
1485,74600
1486,74650
1487,74700
1488,74751
1489,74801
1490,74851
1491,74901
1492,74951
1493,75001
1494,75051
1495,75101
1496,75152
1497,75202
1498,75252
1499,75302
1500,75352
1501,75402
1502,75452
1503,75502
1504,75553
1505,75603
1506,75653
1507,75703
1508,75753
1509,75803
1510,75853
1511,75903
1512,75954
1513,76004
1514,76054
1515,76104
1516,76154
1517,76204
1518,76254
1519,76304
1520,76355
1521,76405
1522,76455
1523,76505
1524,76555
1525,76605
1526,76655
1527,76705
1528,76756
1529,76806
1530,76856
1531,76906
1532,76956
1533,77006
1534,77056
1535,77106
1536,77157
1537,77207
1538,77257
1539,77307
1540,77357
1541,77407
1542,77457
1543,77507
1544,77558
1545,77608
1546,77658
1547,77708
1548,77758
1549,77808
1550,77858
1551,77908
1552,77959
1553,78009
1554,78059
1555,78109
1556,78159
1557,78209
1558,78259
1559,78309
1560,78360
1561,78410
1562,78460
1563,78510
1564,78560
1565,78610
1566,78660
1567,78710
1568,78761
1569,78811
1570,78861
1571,78911
1572,78961
1573,79011
1574,79061
1575,79111
1576,79162
1577,79212
1578,79262
1579,79312
1580,79362
1581,79412
1582,79462
1583,79512
1584,79563
1585,79613
1586,79663
1587,79713
1588,79763
1589,79813
1590,79863
1591,79913
1592,79964
1593,80014
1594,80064
1595,80114
1596,80164
1597,80214
1598,80264
1599,80314
1600,80365
1601,80415
1602,80465
1603,80515
1604,80565
1605,80615
1606,80665
1607,80715
1608,80766
1609,80816
1610,80866
1611,80916
1612,80966
1613,81016
1614,81066
1615,81116
1616,81167
1617,81217
1618,81267
1619,81317
1620,81367
1621,81417
1622,81467
1623,81517
1624,81568
1625,81618
1626,81668
1627,81718
1628,81768
1629,81818
1630,81868
1631,81918
1632,81969
1633,82019
1634,82069
1635,82119
1636,82169
1637,82219
1638,82269
1639,82319
1640,82370
1641,82420
1642,82470
1643,82520
1644,82570
1645,82620
1646,82670
1647,82720
1648,82771
1649,82821
1650,82871
1651,82921
1652,82971
1653,83021
1654,83071
1655,83121
1656,83172
1657,83222
1658,83272
1659,83322
1660,83372
1661,83422
1662,83472
1663,83522
1664,83573
1665,83623
1666,83673
1667,83723
1668,83773
1669,83823
1670,83873
1671,83923
1672,83974
1673,84024
1674,84074
1675,84124
1676,84174
1677,84224
1678,84274
1679,84324
1680,84375
1681,84425
1682,84475
1683,84525
1684,84575
1685,84625
1686,84675
1687,84725
1688,84776
1689,84826
1690,84876
1691,84926
1692,84976
1693,85026
1694,85076
1695,85126
1696,85177
1697,85227
1698,85277
1699,85327
1700,85377
1701,85427
1702,85477
1703,85527
1704,85578
1705,85628
1706,85678
1707,85728
1708,85778
1709,85828
1710,85878
1711,85928
1712,85979
1713,86029
1714,86079
1715,86129
1716,86179
1717,86229
1718,86279
1719,86329
1720,86380
1721,86430
1722,86480
1723,86530
1724,86580
1725,86630
1726,86680
1727,86730
1728,86781
1729,86831
1730,86881
1731,86931
1732,86981
1733,87031
1734,87081
1735,87131
1736,87182
1737,87232
1738,87282
1739,87332
1740,87382
1741,87432
1742,87482
1743,87532
1744,87583
1745,87633
1746,87683
1747,87733
1748,87783
1749,87833
1750,87883
1751,87933
1752,87984
1753,88034
1754,88084
1755,88134
1756,88184
1757,88234
1758,88284
1759,88334
1760,88385
1761,88435
1762,88485
1763,88535
1764,88585
1765,88635
1766,88685
1767,88735
1768,88786
1769,88836
1770,88886
1771,88936
1772,88986
1773,89036
1774,89086
1775,89136
1776,89187
1777,89237
1778,89287
1779,89337
1780,89387
1781,89437
1782,89487
1783,89537
1784,89588
1785,89638
1786,89688
1787,89738
1788,89788
1789,89838
1790,89888
1791,89938
1792,89989
1793,90039
1794,90089
1795,90139
1796,90189
1797,90239
1798,90289
1799,90339
1800,90390
1801,90440
1802,90490
1803,90540
1804,90590
1805,90640
1806,90690
1807,90740
1808,90791
1809,90841
1810,90891
1811,90941
1812,90991
1813,91041
1814,91091
1815,91141
1816,91192
1817,91242
1818,91292
1819,91342
1820,91392
1821,91442
1822,91492
1823,91542
1824,91593
1825,91643
1826,91693
1827,91743
1828,91793
1829,91843
1830,91893
1831,91943
1832,91994
1833,92044
1834,92094
1835,92144
1836,92194
1837,92244
1838,92294
1839,92344
1840,92395
1841,92445
1842,92495
1843,92545
1844,92595
1845,92645
1846,92695
1847,92745
1848,92796
1849,92846
1850,92896
1851,92946
1852,92996
1853,93046
1854,93096
1855,93146
1856,93197
1857,93247
1858,93297
1859,93347
1860,93397
1861,93447
1862,93497
1863,93547
1864,93598
1865,93648
1866,93698
1867,93748
1868,93798
1869,93848
1870,93898
1871,93948
1872,93999
1873,94049
1874,94099
1875,94149
1876,94199
1877,94249
1878,94299
1879,94349
1880,94400
1881,94450
1882,94500
1883,94550
1884,94600
1885,94650
1886,94700
1887,94750
1888,94801
1889,94851
1890,94901
1891,94951
1892,95001
1893,95051
1894,95101
1895,95151
1896,95202
1897,95252
1898,95302
1899,95352
1900,95402
1901,95452
1902,95502
1903,95552
1904,95603
1905,95653
1906,95703
1907,95753
1908,95803
1909,95853
1910,95903
1911,95953
1912,96004
1913,96054
1914,96104
1915,96154
1916,96204
1917,96254
1918,96304
1919,96354
1920,96405
1921,96455
1922,96505
1923,96555
1924,96605
1925,96655
1926,96705
1927,96755
1928,96806
1929,96856
1930,96906
1931,96956
1932,97006
1933,97056
1934,97106
1935,97156
1936,97207
1937,97257
1938,97307
1939,97357
1940,97407
1941,97457
1942,97507
1943,97557
1944,97608
1945,97658
1946,97708
1947,97758
1948,97808
1949,97858
1950,97908
1951,97958
1952,98009
1953,98059
1954,98109
1955,98159
1956,98209
1957,98259
1958,98309
1959,98359
1960,98410
1961,98460
1962,98510
1963,98560
1964,98610
1965,98660
1966,98710
1967,98760
1968,98811
1969,98861
1970,98911
1971,98961
1972,99011
1973,99061
1974,99111
1975,99161
1976,99212
1977,99262
1978,99312
1979,99362
1980,99412
1981,99462
1982,99512
1983,99562
1984,99613
1985,99663
1986,99713
1987,99763
1988,99813
1989,99863
1990,99913
1991,99963
1992,100014
1993,100064
1994,100114
1995,100164
1996,100214
1997,100264
1998,100314
1999,100364
2000,100415
2001,100465
2002,100515
2003,100565
2004,100615
2005,100665
2006,100715
2007,100765
2008,100816
2009,100866
2010,100916
2011,100966
2012,101016
2013,101066
2014,101116
2015,101166
2016,101217
2017,101267
2018,101317
2019,101367
2020,101417
2021,101467
2022,101517
2023,101567
2024,101618
2025,101668
2026,101718
2027,101768
2028,101818
2029,101868
2030,101918
2031,101968
2032,102019
2033,102069
2034,102119
2035,102169
2036,102219
2037,102269
2038,102319
2039,102369
2040,102421
2041,102471
2042,102521
2043,102571
2044,102621
2045,102671
2046,102721
2047,102771
2048,102822
2049,102872
2050,102922
2051,102972
2052,103022
2053,103072
2054,103122
2055,103172
2056,103223
2057,103273
2058,103323
2059,103373
2060,103423
2061,103473
2062,103523
2063,103573
2064,103624
2065,103674
2066,103724
2067,103774
2068,103824
2069,103874
2070,103924
2071,103974
2072,104025
2073,104075
2074,104125
2075,104175
2076,104225
2077,104275
2078,104325
2079,104375
2080,104426
2081,104476
2082,104526
2083,104576
2084,104626
2085,104676
2086,104726
2087,104776
2088,104827
2089,104877
2090,104927
2091,104977
2092,105027
2093,105077
2094,105127
2095,105177
2096,105228
2097,105278
2098,105328
2099,105378
2100,105428
2101,105478
2102,105528
2103,105578
2104,105629
2105,105679
2106,105729
2107,105779
2108,105829
2109,105879
2110,105929
2111,105979
2112,106030
2113,106080
2114,106130
2115,106180
2116,106230
2117,106280
2118,106330
2119,106380
2120,106431
2121,106481
2122,106531
2123,106581
2124,106631
2125,106681
2126,106731
2127,106781
2128,106832
2129,106882
2130,106932
2131,106982
2132,107032
2133,107082
2134,107132
2135,107182
2136,107233
2137,107283
2138,107333
2139,107383
2140,107433
2141,107483
2142,107533
2143,107583
2144,107634
2145,107684
2146,107734
2147,107784
2148,107834
2149,107884
2150,107934
2151,107984
2152,108035
2153,108085
2154,108135
2155,108185
2156,108235
2157,108285
2158,108335
2159,108385
2160,108436
2161,108486
2162,108536
2163,108586
2164,108636
2165,108686
2166,108736
2167,108786
2168,108837
2169,108887
2170,108937
2171,108987
2172,109037
2173,109087
2174,109137
2175,109187
2176,109238
2177,109288
2178,109338
2179,109388
2180,109438
2181,109488
2182,109538
2183,109588
2184,109639
2185,109689
2186,109739
2187,109789
2188,109839
2189,109889
2190,109939
2191,109989
2192,110040
2193,110090
2194,110140
2195,110190
2196,110240
2197,110290
2198,110340
2199,110390
2200,110441
2201,110491
2202,110541
2203,110591
2204,110641
2205,110691
2206,110741
2207,110791
2208,110842
2209,110892
2210,110942
2211,110992
2212,111042
2213,111092
2214,111142
2215,111192
2216,111243
2217,111293
2218,111343
2219,111393
2220,111443
2221,111493
2222,111543
2223,111593
2224,111644
2225,111694
2226,111744
2227,111794
2228,111844
2229,111894
2230,111944
2231,111994
2232,112045
2233,112095
2234,112145
2235,112195
2236,112245
2237,112295
2238,112345
2239,112395
2240,112446
2241,112496
2242,112546
2243,112596
2244,112646
2245,112696
2246,112746
2247,112796
2248,112847
2249,112897
2250,112947
2251,112997
2252,113047
2253,113097
2254,113147
2255,113197
2256,113248
2257,113298
2258,113348
2259,113398
2260,113448
2261,113498
2262,113548
2263,113598
2264,113649
2265,113699
2266,113749
2267,113799
2268,113849
2269,113899
2270,113949
2271,113999
2272,114050
2273,114100
2274,114150
2275,114200
2276,114250
2277,114300
2278,114350
2279,114400
2280,114451
2281,114501
2282,114551
2283,114601
2284,114651
2285,114701
2286,114751
2287,114801
2288,114852
2289,114902
2290,114952
2291,115002
2292,115052
2293,115102
2294,115152
2295,115202
2296,115253
2297,115303
2298,115353
2299,115403
2300,115453
2301,115503
2302,115553
2303,115603
2304,115654
2305,115704
2306,115754
2307,115804
2308,115854
2309,115904
2310,115954
2311,116004
2312,116055
2313,116105
2314,116155
2315,116205
2316,116255
2317,116305
2318,116355
2319,116405
2320,116456
2321,116506
2322,116556
2323,116606
2324,116656
2325,116706
2326,116756
2327,116806
2328,116857
2329,116907
2330,116957
2331,117007
2332,117057
2333,117107
2334,117157
2335,117207
2336,117258
2337,117308
2338,117358
2339,117408
2340,117458
2341,117508
2342,117558
2343,117608
2344,117659
2345,117709
2346,117759
2347,117809
2348,117859
2349,117909
2350,117959
2351,118009
2352,118060
2353,118110
2354,118160
2355,118210
2356,118260
2357,118310
2358,118360
2359,118410
2360,118461
2361,118511
2362,118561
2363,118611
2364,118661
2365,118711
2366,118761
2367,118811
2368,118862
2369,118912
2370,118962
2371,119012
2372,119062
2373,119112
2374,119162
2375,119212
2376,119263
2377,119313
2378,119363
2379,119413
2380,119463
2381,119513
2382,119563
2383,119613
2384,119664
2385,119714
2386,119764
2387,119814
2388,119864
2389,119914
2390,119964
2391,120014
2392,120065
2393,120115
2394,120165
2395,120215
2396,120265
2397,120315
2398,120365
2399,120415
2400,120466
2401,120516
2402,120566
2403,120616
2404,120666
2405,120716
2406,120766
2407,120816
2408,120867
2409,120917
2410,120967
2411,121017
2412,121067
2413,121117
2414,121167
2415,121217
2416,121268
2417,121318
2418,121368
2419,121418
2420,121468
2421,121518
2422,121568
2423,121618
2424,121669
2425,121719
2426,121769
2427,121819
2428,121869
2429,121919
2430,121969
2431,122019
2432,122070
2433,122120
2434,122170
2435,122220
2436,122270
2437,122320
2438,122370
2439,122420
2440,122471
2441,122521
2442,122571
2443,122621
2444,122671
2445,122721
2446,122771
2447,122821
2448,122872
2449,122922
2450,122972
2451,123022
2452,123072
2453,123122
2454,123172
2455,123222
2456,123273
2457,123323
2458,123373
2459,123423
2460,123473
2461,123523
2462,123573
2463,123623
2464,123674
2465,123724
2466,123774
2467,123824
2468,123874
2469,123924
2470,123974
2471,124024
2472,124075
2473,124125
2474,124175
2475,124225
2476,124275
2477,124325
2478,124375
2479,124425
2480,124476
2481,124526
2482,124576
2483,124626
2484,124676
2485,124726
2486,124776
2487,124826
2488,124877
2489,124927
2490,124977
2491,125027
2492,125077
2493,125127
2494,125177
2495,125227
2496,125278
2497,125328
2498,125378
2499,125428
2500,125478
2501,125528
2502,125578
2503,125628
2504,125679
2505,125729
2506,125779
2507,125829
2508,125879
2509,125929
2510,125979
2511,126029
2512,126080
2513,126130
2514,126180
2515,126230
2516,126280
2517,126330
2518,126380
2519,126430
2520,126481
2521,126531
2522,126581
2523,126631
2524,126681
2525,126731
2526,126781
2527,126831
2528,126882
2529,126932
2530,126982
2531,127032
2532,127082
2533,127132
2534,127182
2535,127232
2536,127283
2537,127333
2538,127383
2539,127433
2540,127483
2541,127533
2542,127583
2543,127633
2544,127684
2545,127734
2546,127784
2547,127834
2548,127884
2549,127934
2550,127984
2551,128034
2552,128085
2553,128135
2554,128185
2555,128235
2556,128285
2557,128335
2558,128385
2559,128435
2560,128486
2561,128536
2562,128586
2563,128636
2564,128686
2565,128736
2566,128786
2567,128836
2568,128887
2569,128937
2570,128987
2571,129037
2572,129087
2573,129137
2574,129187
2575,129237
2576,129288
2577,129338
2578,129388
2579,129438
2580,129488
2581,129538
2582,129588
2583,129638
2584,129689
2585,129739
2586,129789
2587,129839
2588,129889
2589,129939
2590,129989
2591,130039
2592,130090
2593,130140
2594,130190
2595,130240
2596,130290
2597,130340
2598,130390
2599,130440
2600,130491
2601,130541
2602,130591
2603,130641
2604,130691
2605,130741
2606,130791
2607,130841
2608,130892
2609,130942
2610,130992
2611,131042
2612,131092
2613,131142
2614,131192
2615,131242
2616,131293
2617,131343
2618,131393
2619,131443
2620,131493
2621,131543
2622,131593
2623,131643
2624,131694
2625,131744
2626,131794
2627,131844
2628,131894
2629,131944
2630,131994
2631,132044
2632,132095
2633,132145
2634,132195
2635,132245
2636,132295
2637,132345
2638,132395
2639,132445
2640,132496
2641,132546
2642,132596
2643,132646
2644,132696
2645,132746
2646,132796
2647,132846
2648,132897
2649,132947
2650,132997
2651,133047
2652,133097
2653,133147
2654,133197
2655,133247
2656,133298
2657,133348
2658,133398
2659,133448
2660,133498
2661,133548
2662,133598
2663,133648
2664,133699
2665,133749
2666,133799
2667,133849
2668,133899
2669,133949
2670,133999
2671,134049
2672,134100
2673,134150
2674,134200
2675,134250
2676,134300
2677,134350
2678,134400
2679,134450
2680,134501
2681,134551
2682,134601
2683,134651
2684,134701
2685,134751
2686,134801
2687,134851
2688,134902
2689,134952
2690,135002
2691,135052
2692,135102
2693,135152
2694,135202
2695,135252
2696,135303
2697,135353
2698,135403
2699,135453
2700,135503
2701,135553
2702,135603
2703,135653
2704,135704
2705,135754
2706,135804
2707,135854
2708,135904
2709,135954
2710,136004
2711,136054
2712,136105
2713,136155
2714,136205
2715,136255
2716,136305
2717,136355
2718,136405
2719,136455
2720,136506
2721,136556
2722,136606
2723,136656
2724,136706
2725,136756
2726,136806
2727,136856
2728,136907
2729,136957
2730,137007
2731,137057
2732,137107
2733,137157
2734,137207
2735,137257
2736,137308
2737,137358
2738,137408
2739,137458
2740,137508
2741,137558
2742,137608
2743,137658
2744,137709
2745,137759
2746,137809
2747,137859
2748,137909
2749,137959
2750,138009
2751,138059
2752,138110
2753,138160
2754,138210
2755,138260
2756,138310
2757,138360
2758,138410
2759,138460
2760,138511
2761,138561
2762,138611
2763,138661
2764,138711
2765,138761
2766,138811
2767,138861
2768,138912
2769,138962
2770,139012
2771,139062
2772,139112
2773,139162
2774,139212
2775,139262
2776,139313
2777,139363
2778,139413
2779,139463
2780,139513
2781,139563
2782,139613
2783,139663
2784,139714
2785,139764
2786,139814
2787,139864
2788,139914
2789,139964
2790,140014
2791,140064
2792,140115
2793,140165
2794,140215
2795,140265
2796,140315
2797,140365
2798,140415
2799,140465
2800,140516
2801,140566
2802,140616
2803,140666
2804,140716
2805,140766
2806,140816
2807,140866
2808,140917
2809,140967
2810,141017
2811,141067
2812,141117
2813,141167
2814,141217
2815,141267
2816,141318
2817,141368
2818,141418
2819,141468
2820,141518
2821,141568
2822,141618
2823,141668
2824,141719
2825,141769
2826,141819
2827,141869
2828,141919
2829,141969
2830,142019
2831,142069
2832,142120
2833,142170
2834,142220
2835,142270
2836,142320
2837,142370
2838,142420
2839,142470
2840,142521
2841,142571
2842,142621
2843,142671
2844,142721
2845,142771
2846,142821
2847,142871
2848,142922
2849,142972
2850,143022
2851,143072
2852,143122
2853,143172
2854,143222
2855,143272
2856,143323
2857,143373
2858,143423
2859,143473
2860,143523
2861,143573
2862,143623
2863,143673
2864,143724
2865,143774
2866,143824
2867,143874
2868,143924
2869,143974
2870,144024
2871,144074
2872,144125
2873,144175
2874,144225
2875,144275
2876,144325
2877,144375
2878,144425
2879,144475
2880,144526
2881,144576
2882,144626
2883,144676
2884,144726
2885,144776
2886,144826
2887,144876
2888,144927
2889,144977
2890,145027
2891,145077
2892,145127
2893,145177
2894,145227
2895,145277
2896,145328
2897,145378
2898,145428
2899,145478
2900,145528
2901,145578
2902,145628
2903,145678
2904,145729
2905,145779
2906,145829
2907,145879
2908,145929
2909,145979
2910,146029
2911,146079
2912,146130
2913,146180
2914,146230
2915,146280
2916,146330
2917,146380
2918,146430
2919,146480
2920,146531
2921,146581
2922,146631
2923,146681
2924,146731
2925,146781
2926,146831
2927,146881
2928,146932
2929,146982
2930,147032
2931,147082
2932,147132
2933,147182
2934,147232
2935,147282
2936,147333
2937,147383
2938,147433
2939,147483
2940,147533
2941,147583
2942,147633
2943,147683
2944,147734
2945,147784
2946,147834
2947,147884
2948,147934
2949,147984
2950,148034
2951,148084
2952,148135
2953,148185
2954,148235
2955,148285
2956,148335
2957,148385
2958,148435
2959,148485
2960,148536
2961,148586
2962,148636
2963,148686
2964,148736
2965,148786
2966,148836
2967,148886
2968,148937
2969,148987
2970,149037
2971,149087
2972,149137
2973,149187
2974,149237
2975,149287
2976,149338
2977,149388
2978,149438
2979,149488
2980,149538
2981,149588
2982,149638
2983,149688
2984,149739
2985,149789
2986,149839
2987,149889
2988,149939
2989,149989
2990,150039
2991,150089
2992,150140
2993,150190
2994,150240
2995,150290
2996,150340
2997,150390
2998,150440
2999,150490
3000,150541

